message_id,thread_id,sender_type,sender_name,message_text,sent_at
T001-M1,T001,customer,isabella.brown,The windshield wipers I received don't fit my car even though I ordered the size listed on the page. Can you help?,2026-09-19
T002-M1,T002,customer,noah.garcia,My robot vacuum stopped charging after three weeks. Is this covered under any warranty?,2026-09-16
T002-M2,T002,seller,Coral Reef Imports,"Sorry about that! We can send a replacement unit at no cost - I've started that process, you should get a shipping confirmation within 2 business days.",2026-09-17
T002-M3,T002,customer,noah.garcia,"Got the shipping email, thank you for the quick turnaround!",2026-09-19
T003-M1,T003,customer,grace.bennett,"The toaster oven heats really unevenly - one side browns, the other stays pale. Is this normal or did I get a defective unit?",2026-09-22
T003-M2,T003,seller,Everstock Wholesale,That's not expected behavior. Could you send us the order number so we can look into a replacement?,2026-09-23
T004-M1,T004,customer,james.rossi,Quick question - is this motor oil rated for full synthetic or synthetic blend engines?,2026-09-11
T004-M2,T004,seller,Ironclad Hardware Co.,"It's full synthetic, rated for extended drain intervals. Should work great for your engine.",2026-09-12
T005-M1,T005,customer,evelyn.hassan,Getting three different readings in a row from this thermometer. Is there a calibration step I'm missing?,2026-09-24
T006-M1,T006,customer,scarlett.suzuki,These headphones keep disconnecting from my laptop a few times a day. Any fix before I request a return?,2026-09-14
T006-M2,T006,seller,Vertex Electronics Ltd.,"A few customers have hit this with certain Bluetooth drivers - try forgetting the device and re-pairing, that's resolved it for most people.",2026-09-15
T006-M3,T006,customer,scarlett.suzuki,"That worked, thanks for the quick fix!",2026-09-15
T007-M1,T007,customer,mia.chowdhury,Is there a smaller wattage version of this toaster oven? Mine keeps tripping my kitchen's circuit when paired with the kettle.,2026-09-23
