seller_id,seller_name,seller_username,password
S001,Northwind Traders,northwind.traders,cf0tGK@yI52
S002,BlueCrate Supply Co.,bluecrate.supply,TshO&JpC%zPu6K
S003,Everstock Wholesale,everstock.wholesale,%1jhA%9ANP&I
S004,Pinecone Goods,pinecone.goods,k&zQXBxvnLM@E30
S005,Harbor & Vine Imports,harbor.vine.imports,0#wO@j1l8qyq1zH
S006,Redwood Mercantile,redwood.mercantile,ZY7&94tOkJgId5w
S007,Summit Peak Distributors,summit.peak.distributors,uKT2MO0Zbc^2c%y
S008,Glacier Bay Outfitters,glacier.bay.outfitters,xDC&850!ulzcTt
S009,Ember & Oak Trading,ember.oak.trading,Xw9YvWKN&*K$
S010,Cascade Supply Chain,cascade.supply.chain,G!Ork@e885SR
S011,Luma Home Goods,luma.home.goods,AhCJZYa*4Q85uh2
S012,Wrenfield Industries,wrenfield.industries,5Q70zq*@KR
S013,Coral Reef Imports,coral.reef.imports,AXPfpZB$1kU
S014,Ironclad Hardware Co.,ironclad.hardware,oibfe21ln^KGp%
S015,Maplewood Provisions,maplewood.provisions,ugY^#sks45t#^O
S016,Solstice Sports Supply,solstice.sports.supply,0N^9ik95DjX7Af
S017,Driftwood Furnishings,driftwood.furnishings,&x*KYDJ9dqTK
S018,Granite Peak Tools,granite.peak.tools,@Ys#neR@y9xai!
S019,Sunburst Organics,sunburst.organics,IQsa@4LZQKU
S020,Vertex Electronics Ltd.,vertex.electronics,#wBz@1Nsr6
S021,Willow Creek Crafts,willow.creek.crafts,*Smo1h&1MgWad
S022,Anchor Point Marine,anchor.point.marine,t1iYVW1@CFui
S023,Foxglove Botanicals,foxglove.botanicals,Hk7dJWCaz^Xg@O
S024,Steel Horizon Auto Parts,steel.horizon.auto,6yGT0sx#wJAQ!N
S025,Cobblestone Kitchenware,cobblestone.kitchenware,U@43Bd5&eFbCxt
