product_id,product_name,category,current_price,all_time_low_price,thirty_day_high_price,store_recommended,product_rating,seller_id,seller_name
P001,Organic Cane Sugar (5lb Bag),Groceries,5.62,5.08,6.17,No,2.7,S014,Ironclad Hardware Co.
P002,Classic Italian Cookbook,Groceries,16.45,12.98,17.35,Yes,4.2,S024,Steel Horizon Auto Parts
P003,Vanilla Cake Mix Box,Groceries,3.17,2.53,3.19,No,3.0,S004,Pinecone Goods
P004,No. 2 Pencils (30-Pack),School Supplies,7.17,6.66,7.27,Yes,3.6,S008,Glacier Bay Outfitters
P005,Wide-Ruled Composition Notebook,School Supplies,3.27,2.3,3.33,Yes,4.8,S001,Northwind Traders
P006,Backpack with Laptop Sleeve,School Supplies,33.93,25.85,38.75,Yes,2.9,S013,Coral Reef Imports
P007,Children's Fever Reducer Syrup,Medicine,11.04,9.17,12.66,No,3.6,S015,Maplewood Provisions
P008,Allergy Relief Tablets (60ct),Medicine,9.51,6.59,9.92,No,4.3,S002,BlueCrate Supply Co.
P009,Digital Thermometer,Medicine,10.45,9.56,10.93,No,2.9,S017,Driftwood Furnishings
P010,Non-Stick Frying Pan 10-inch,Kitchenware,40.04,35.87,43.53,No,3.5,S003,Everstock Wholesale
P011,Stainless Steel Mixing Bowl Set,Kitchenware,39.17,32.84,42.39,Yes,4.1,S003,Everstock Wholesale
P012,6-Slice Toaster Oven,Appliances,38.45,35.84,39.64,No,3.1,S023,Foxglove Botanicals
P013,Robot Vacuum Cleaner,Appliances,312.71,256.96,327.45,Yes,3.6,S003,Everstock Wholesale
P014,Cordless Leaf Blower,Outdoor & Garden,95.84,78.02,100.15,No,4.8,S009,Ember & Oak Trading
P015,"Garden Rake, Steel Head",Outdoor & Garden,24.71,18.29,25.61,No,4.0,S018,Granite Peak Tools
P016,Settlers Strategy Board Game,Tabletop Games,46.49,36.84,52.59,Yes,4.8,S022,Anchor Point Marine
P017,Cooperative Dungeon Crawler Game,Tabletop Games,61.88,53.44,70.98,No,3.2,S005,Harbor & Vine Imports
P018,Wireless Noise-Cancelling Headphones,Electronics,87.34,72.02,97.26,No,3.7,S009,Ember & Oak Trading
P019,USB-C Fast Charging Cable (6ft),Electronics,7.37,5.92,7.41,Yes,2.5,S009,Ember & Oak Trading
P020,4K Streaming Media Player,Electronics,49.05,35.35,53.27,Yes,3.9,S023,Foxglove Botanicals
P021,Ceramic Table Lamp,Home Decor,50.89,43.56,56.2,No,2.9,S019,Sunburst Organics
P022,Set of 4 Throw Pillow Covers,Home Decor,25.1,19.48,26.82,No,3.0,S002,BlueCrate Supply Co.
P023,"Synthetic Motor Oil, 5-Quart",Auto Parts,35.44,23.62,37.96,No,4.4,S014,Ironclad Hardware Co.
P024,All-Season Windshield Wipers,Auto Parts,23.96,22.33,26.48,Yes,2.6,S006,Redwood Mercantile
P025,Reusable Silicone Food Storage Bags,Groceries,19.77,12.89,22.21,No,3.2,S022,Anchor Point Marine
P026,Cold Brew Coffee Concentrate (32oz),Groceries,13.07,11.65,14.96,Yes,2.6,S012,Wrenfield Industries
P027,Whole Wheat Pasta (2-Pack),Groceries,4.51,3.47,5.13,No,3.3,S016,Solstice Sports Supply
P028,Extra Virgin Olive Oil (17oz),Groceries,15.26,13.33,15.63,No,3.4,S015,Maplewood Provisions
P029,Highlighter Set (12 Colors),School Supplies,8.83,7.52,9.67,Yes,3.0,S013,Coral Reef Imports
P030,Graphing Calculator,School Supplies,29.61,25.43,30.1,No,4.2,S020,Vertex Electronics Ltd.
P031,"3-Ring Binder, 2-inch",School Supplies,10.29,8.56,10.88,Yes,3.5,S014,Ironclad Hardware Co.
P032,Multivitamin Gummies (90ct),Medicine,16.02,15.19,17.14,Yes,3.4,S018,Granite Peak Tools
P033,"Adhesive Bandages, Assorted (100ct)",Medicine,4.11,3.04,4.12,No,5.0,S019,Sunburst Organics
P034,Blood Pressure Monitor,Medicine,37.95,32.89,42.3,No,4.7,S013,Coral Reef Imports
P035,"Cast Iron Dutch Oven, 6-Quart",Kitchenware,73.45,66.11,82.75,No,4.7,S017,Driftwood Furnishings
P036,"Electric Kettle, 1.7L",Kitchenware,26.71,21.12,30.21,Yes,2.6,S003,Everstock Wholesale
P037,"Air Fryer, 5-Quart",Appliances,73.2,48.76,82.82,No,4.4,S004,Pinecone Goods
P038,Cordless Stick Vacuum,Appliances,194.2,138.33,198.29,No,4.3,S006,Redwood Mercantile
P039,Solar Pathway Lights (8-Pack),Outdoor & Garden,46.31,37.79,52.49,Yes,4.9,S005,Harbor & Vine Imports
P040,"Hedge Trimmer, Electric",Outdoor & Garden,83.22,70.63,84.06,No,4.2,S018,Granite Peak Tools
P041,"Deck of Playing Cards, Premium",Tabletop Games,8.8,8.21,9.17,Yes,3.2,S011,Luma Home Goods
P042,"Trivia Party Game, 600 Questions",Tabletop Games,20.16,16.33,21.45,No,3.1,S017,Driftwood Furnishings
P043,Bluetooth Portable Speaker,Electronics,45.84,30.11,47.05,Yes,4.6,S001,Northwind Traders
P044,Wireless Mouse,Electronics,19.8,15.43,22.19,No,3.7,S008,Glacier Bay Outfitters
P045,"Car Phone Mount, Magnetic",Auto Parts,10.96,8.46,11.48,No,3.2,S001,Northwind Traders
