seller_id,blurb
S001,"A general merchandise seller with over a decade on the platform, known for consistent packaging and predictable delivery windows."
S002,"A supply company specializing in bulk household goods, popular with shoppers who restock the same essentials regularly."
S003,"A wholesale outfit moving high volumes of everyday items, which keeps prices competitive but customer service response times average."
S004,"A boutique goods seller that pays close attention to how fragile items are packed, favored for gifts and breakables."
S005,"An imports specialist bringing in home goods sourced from small overseas workshops, with limited-run inventory that sells out fast."
S006,"A mercantile seller with a broad, ever-changing catalog spanning kitchen, decor, and outdoor categories."
S007,A distributor known for going out of its way on service recovery — missing items are typically resolved within a day.
S008,"An outfitter focused on outdoor and travel gear, with dependable but unremarkable shipping speed."
S009,"A trading company blending home goods with seasonal decor, restocking inventory every few weeks."
S010,"A supply chain specialist that consistently ships same-day, a favorite among shoppers who need items quickly."
S011,"A home goods seller with a design-forward catalog, though pricing tends to run slightly above average for similar items."
S012,"An industrial supplier of hardware and tools, reliable on product quality but with a return process some shoppers find tedious."
S013,"An imports seller specializing in coastal and nautical-themed goods, with seasonal inventory swings."
S014,"A hardware-focused seller with a long track record, popular for tools and auto parts that match their listings closely."
S015,"A provisions seller carrying pantry and kitchen staples, with steady but not especially fast shipping."
S016,"A sports and fitness equipment seller with a fast-growing catalog, quick to restock popular items though packaging quality gets mixed reviews."
S017,"A furnishings seller offering handcrafted-style home decor, with shipping times that run longer than most on the platform."
S018,A tool supplier with strong product quality but delivery estimates that tend to run optimistic.
S019,"An organics-focused seller specializing in wellness and grocery items, sourced primarily from domestic farms."
S020,"An electronics retailer carrying a wide range of gadgets, generally reliable but priced a bit higher than competing sellers."
S021,A crafts and hobby seller with a loyal following among board game and DIY shoppers.
S022,A marine and outdoor equipment seller known for proactive shipping updates and accurate delivery estimates.
S023,"A botanicals seller specializing in plant care and garden products, with occasional stock shortages on popular items."
S024,"An auto parts seller carrying a wide range of vehicle-specific parts, with mixed accuracy on order fulfillment."
S025,"A kitchenware seller with a reputation for consistent quality across repeat purchases, a favorite for cookware and bakeware."